Workbook

Sheet 分類
A1: 提案者 | B1: 分類標籤 | C1: 大事數 | D1: 規則
A2: 雅鴦菩薩提案 | B2: 組織發展 | C2: =COUNTIF(INDEX(大事!$1:$200, 0, MATCH(A2, 大事!$1:$1, 0)), "*" & B2 & "*") -> 38 | D2: 道場據點、體制、人事等結構性變動(不含教學/法會類的首次活動) 1. 從 導師明心見性開始 2. 二會一寺的發展 3. 體制、人事等結構性變動(不含教學/法會類首次活動) 4. 道場據點
A3: 雅鴦菩薩提案 | B3: 對外弘法 | C3: =COUNTIF(INDEX(大事!$1:$200, 0, MATCH(A3, 大事!$1:$1, 0)), "*" & B3 & "*") -> 23 | D3: 對外系統性弘法活動 講經、大型演講等對外活動
A4: 雅鴦菩薩提案 | B4: 共修紀事 | C4: =COUNTIF(INDEX(大事!$1:$200, 0, MATCH(A4, 大事!$1:$1, 0)), "*" & B4 & "*") -> 19 | D4: 開班上課、禪修、法會等共修內容,含首次教學活動、首次法會共修等里程碑性事件 首次開班上課、禪修、法會等里程碑性質之事件
A5: 雅鴦菩薩提案 | B5: 摧邪顯正 | C5: =COUNTIF(INDEX(大事!$1:$200, 0, MATCH(A5, 大事!$1:$1, 0)), "*" & B5 & "*") -> 27 | D5: 法義辨正、法律訴訟、聲明 破斥六識論邪見的所有作為
A6: 雅鴦菩薩提案 | B6: 公益推廣 | C6: =COUNTIF(INDEX(大事!$1:$200, 0, MATCH(A6, 大事!$1:$1, 0)), "*" & B6 & "*") -> 25 | D6: 宣導活動、講座、研習、訪視、捐贈救災車/醫療車、捐款、濟弱扶傾、獎助學金等 行政部公益活動、各項推廣活動、寒冬送暖等社福工作
A7: 雅鴦菩薩提案 | B7: 出版流通 | C7: =COUNTIF(INDEX(大事!$1:$200, 0, MATCH(A7, 大事!$1:$1, 0)), "*" & B7 & "*") -> 53 | D7: 出版品、流通相關 所有出版品之出版、流通、管理
A8: 雅鴦菩薩提案 | B8: 綜合紀事 | C8: =COUNTIF(INDEX(大事!$1:$200, 0, MATCH(A8, 大事!$1:$1, 0)), "*" & B8 & "*") -> 6 | D8: 難以歸類、跨性質事件 難以歸類之項目，如總持咒、開經偈、二主要道次第概要表等
A9: 柄富菩薩提案 | B9: 平實導師 | C9: =COUNTIF(INDEX(大事!$1:$200, 0, MATCH(A9, 大事!$1:$1, 0)), "*" & B9 & "*") -> 12 | D9: 本類以平實導師為主體，呈現其修證歷程、弘法行誼與建立正法之重要里程，作為本大事紀的核心脈絡，約有三分之一的條目都與平實導師直接、間接關聯。凡與導師個人證悟、法義建立、重要開示、重大弘法轉折，團體成立前導師的弘法活動等直接相關事件，皆列入本類；若事件重點在於同修會制度、出版流通、社會活動或法義辨正，即依其主要性質歸入其他分類，不以導師親自參與即一律列入，避免與各類重複。
A10: 柄富菩薩提案 | B10: 組織發展 | C10: =COUNTIF(INDEX(大事!$1:$200, 0, MATCH(A10, 大事!$1:$1, 0)), "*" & B10 & "*") -> 79 | D10: 本類呈現正覺教團由個人弘法逐步發展為制度化道場的歷程，彰顯弘法組織之建立與運作。凡同修會、講堂、出版社、親教師會議、行政制度、各級班制、海外講堂及各項制度、常設法會設立等事件，皆列入本類；若事件主要在宣講經典、出版著作、法義辨正或社會服務，即不列入本類，以凸顯組織建設與制度演進之主軸。
A11: 柄富菩薩提案 | B11: 講經弘法 | C11: =COUNTIF(INDEX(大事!$1:$200, 0, MATCH(A11, 大事!$1:$1, 0)), "*" & B11 & "*") -> 39 | D11: 本類呈現正覺弘法內容的開展，依次記錄歷年講經、演講、課程及接引眾生的重要歷程。凡宣講經典、公開演講、重要法義課程及各類弘法活動等，以法義宣說為主體者，皆列入本類；若事件重點在組織制度、出版成果，或對象明確的法義辨正，則分別歸入相關分類。
A12: 柄富菩薩提案 | B12: 摧邪顯正 | C12: =COUNTIF(INDEX(大事!$1:$200, 0, MATCH(A12, 大事!$1:$1, 0)), "*" & B12 & "*") -> 28 | D12: 本類呈現正覺弘法過程中，辨明邪法正法的重要歷程，尤其是對象明確的法義辨正。凡歷次法難、無遮大會聲明、破密行動，或因護法而引發之重要事件，皆列入本類；若事件主要為講經說法、出版著作或組織發展，雖涉及相關法義，仍依其主要目的分類，以凸顯護法辨正之歷史脈絡。
A13: 柄富菩薩提案 | B13: 出版流通 | C13: =COUNTIF(INDEX(大事!$1:$200, 0, MATCH(A13, 大事!$1:$1, 0)), "*" & B13 & "*") -> 64 | D13: 本類呈現正覺教團之法義由導師、親教師講述後轉化為文字典籍，並廣為流通於海內外之歷程，彰顯弘法成果之保存與延續。凡著作出版、書籍改版、外文翻譯、電子流通、正智書香園地成立等事件，皆列入本類；若事件重點在講經開示、法義建立或摧邪顯正，則仍依事件本身性質分類，不因後續出版成書而改列本類。
... A21: 英妙滿菩薩們的提案 | B21: 出版流通管理 | C21: =COUNTIF(INDEX(大事!$1:$200, 0, MATCH(A21, 大事!$1:$1, 0)), "*" & B21 & "*") -> 61 | D21: 電子報、學報、書籍.影音及其他出版成果、E06書籍管理
A22: 劍華菩薩提案 | B22: 組織發展 | C22: =COUNTIF(INDEX(大事!$1:$200, 0, MATCH(A22, 大事!$1:$1, 0)), "*" & B22 & "*") -> 35
A23: 劍華菩薩提案 | B23: 對外弘法 | C23: =COUNTIF(INDEX(大事!$1:$200, 0, MATCH(A23, 大事!$1:$1, 0)), "*" & B23 & "*") -> 35
A24: 劍華菩薩提案 | B24: 共修紀事 | C24: =COUNTIF(INDEX(大事!$1:$200, 0, MATCH(A24, 大事!$1:$1, 0)), "*" & B24 & "*") -> 21
A25: 劍華菩薩提案 | B25: 摧邪顯正 | C25: =COUNTIF(INDEX(大事!$1:$200, 0, MATCH(A25, 大事!$1:$1, 0)), "*" & B25 & "*") -> 29
A26: 劍華菩薩提案 | B26: 公益推廣 | C26: =COUNTIF(INDEX(大事!$1:$200, 0, MATCH(A26, 大事!$1:$1, 0)), "*" & B26 & "*") -> 26
A27: 劍華菩薩提案 | B27: 出版流通 | C27: =COUNTIF(INDEX(大事!$1:$200, 0, MATCH(A27, 大事!$1:$1, 0)), "*" & B27 & "*") -> 58
A28: 劍華菩薩提案 | B28: 綜合紀事 | C28: =COUNTIF(INDEX(大事!$1:$200, 0, MATCH(A28, 大事!$1:$1, 0)), "*" & B28 & "*") -> 6
A29: 麗薇菩薩提案 | B29: 組織沿革 | C29: =COUNTIF(INDEX(大事!$1:$200, 0, MATCH(A29, 大事!$1:$1, 0)), "*" & B29 & "*") -> 33
A30: 麗薇菩薩提案 | B30: 弘法講經 | C30: =COUNTIF(INDEX(大事!$1:$200, 0, MATCH(A30, 大事!$1:$1, 0)), "*" & B30 & "*") -> 31
A31: 麗薇菩薩提案 | B31: 共修紀事 | C31: =COUNTIF(INDEX(大事!$1:$200, 0, MATCH(A31, 大事!$1:$1, 0)), "*" & B31 & "*") -> 25
A32: 麗薇菩薩提案 | B32: 摧邪顯正 | C32: =COUNTIF(INDEX(大事!$1:$200, 0, MATCH(A32, 大事!$1:$1, 0)), "*" & B32 & "*") -> 32
A33: 麗薇菩薩提案 | B33: 公益推廣 | C33: =COUNTIF(INDEX(大事!$1:$200, 0, MATCH(A33, 大事!$1:$1, 0)), "*" & B33 & "*") -> 24
... A35: 麗薇菩薩提案 | B35: 綜合紀事 | C35: =COUNTIF(INDEX(大事!$1:$200, 0, MATCH(A35, 大事!$1:$1, 0)), "*" & B35 & "*") -> 8
A36: 淳渝提案 | B36: 平實導師弘法 | C36: =COUNTIF(INDEX(大事!$1:$200, 0, MATCH(A36, 大事!$1:$1, 0)), "*" & B36 & "*") -> 47 | D36: 仍建議有導師弘法一類，導師作為創始人應是認識組織歷史的切入點，故放入導師自身證量、早期弘法、歷年單次演講與講經、提出的重要法義等大事，若大事非明顯由 導師提出或主導，多由同修們處理者就不納入。
A37: 淳渝提案 | B37: 書刊媒體 | C37: =COUNTIF(INDEX(大事!$1:$200, 0, MATCH(A37, 大事!$1:$1, 0)), "*" & B37 & "*") -> 57 | D37: 放入歷年出版品，不包含導師講經、演講開示內容的出版品
A38: 淳渝提案 | B38: 共修/禪修/法會 | C38: =COUNTIF(INDEX(大事!$1:$200, 0, MATCH(A38, 大事!$1:$1, 0)), "*" & B38 & "*") -> 28 | D38: 放入跟學員同修有關的活動
A39: 淳渝提案 | B39: 組織發展 | C39: =COUNTIF(INDEX(大事!$1:$200, 0, MATCH(A39, 大事!$1:$1, 0)), "*" & B39 & "*") -> 28 | D39: 放入跟同修會前身、同修會、基金會、出版社、祖師堂、正覺寺及各地講堂有關的大事
A40: 淳渝提案 | B40: 摧邪顯正 | C40: =COUNTIF(INDEX(大事!$1:$200, 0, MATCH(A40, 大事!$1:$1, 0)), "*" & B40 & "*") -> 23 | D40: 放入跟法義辨正、法難退轉、聲明、官司、正覺藏等外道邪說影響衍生事件，建議可專門就此類盤點適合納入之大事(例如目前未納入出版《涅槃》，但實際上本書是為破佛教界長期對涅槃的誤解)
A41: 淳渝提案 | B41: 推廣與公益 | C41: =COUNTIF(INDEX(大事!$1:$200, 0, MATCH(A41, 大事!$1:$1, 0)), "*" & B41 & "*") -> 29 | D41: 放入跟學員同修無關的活動且著重於向社會大眾推廣本會及八識論正法之正面行動與公益慈善

Sheet 大事
A1: 序號 | B1: 大事 | C1: 雅鴦菩薩提案 | D1: 柄富菩薩提案 | E1: 英妙滿菩薩們的提案 | F1: 劍華菩薩提案 | G1: 麗薇菩薩提案 | H1: 淳渝提案
A2: 1 | B2: 平實導師自成無相念佛之法 | C2: 組織發展 | D2: 平實導師 | E2: 平實導師 | F2: 組織發展 | G2: 組織沿革 | H2: 平實導師弘法
A3: 2 | B3: 平實導師應邀於建國北路私人佛堂依《阿含經》宣講基本佛法及「淺談菩薩道」 | C3: 組織發展 | D3: 平實導師 | E3: 法會與弘法 | F3: 組織發展 | G3: 弘法講經 | H3: 平實導師弘法
A4: 3 | B4: 平實導師明心見性 | C4: 組織發展 | D4: 平實導師 | E4: 平實導師 | F4: 組織發展 | G4: 組織沿革 | H4: 平實導師弘法
A5: 4 | B5: 平實導師每週於臺北市中央信託局佛學社、石牌、建國北路等三處宣演佛法 | C5: 組織發展 | D5: 平實導師 | E5: 法會與弘法 | F5: 組織發展 | G5: 組織沿革＆共修紀事 | H5: 平實導師弘法
A6: 5 | B6: 平實導師出版第一本著作《無相念佛》 | C6: 出版流通 | D6: 平實導師、出版流通 | E6: 出版流通管理 | F6: 出版流通 | G6: 出版流通 | H6: 書刊媒體
A7: 6 | B7: 平實導師開講「念佛法要」 | C7: 共修紀事 | D7: 平實導師 | E7: 法會與弘法 | F7: 對外弘法 | G7: 弘法講經 | H7: 平實導師弘法
A8: 7 | B8: 平實導師開講「禪—悟前與悟後」 | C8: 共修紀事 | D8: 平實導師 | E8: 法會與弘法 | F8: 對外弘法 | G8: 弘法講經 | H8: 平實導師弘法
A9: 8 | B9: 於猴硐行陀禪寺舉辦第一次禪三 | C9: 共修紀事 | D9: 講經弘法 | E9: 講經開課與禪修 | F9: 共修紀事 | G9: 共修紀事 | H9: 共修/禪修/法會
A10: 9 | B10: 設立「念佛三昧印經會」，助印佛書流通 | C10: 組織發展 | D10: 出版流通、組織發展 | E10: 出版流通管理 | F10: 組織發展 | G10: 組織沿革 | H10: 組織發展
A11: 10 | B11: 平實導師首次講經，假臺北市石牌陽明精舍宣講《楞伽經》 | C11: 對外弘法 | D11: 平實導師 | E11: 法會與弘法 | F11: 對外弘法 | G11: 弘法講經 | H11: 平實導師弘法
A12: 11 | B12: 發生第一次法難，平實導師開示「批月集」，辨正香港月溪法師之謬說 | C12: 摧邪顯正 | D12: 摧邪顯正 | E12: 摧邪顯正 | F12: 摧邪顯正 | G12: 摧邪顯正 | H12: 平實導師弘法、摧邪顯正
A13: 12 | B13: 應陽明精舍負責人建議，成立「佛教內明共修會」 | C13: 組織發展 | D13: 組織發展 | E13: 組織與據點 | F13: 組織發展 | G13: 組織沿革 | H13: 組織發展
... A197: 196 | B197: 本會於新加坡千佛講堂開設禪淨班 | C197: 組織發展 | D197: 組織發展 | E197: 組織與據點 | F197: 組織發展 | G197: 組織沿革 | H197: 組織發展
